mensagem,aspecto,sentimento
"*CHEGOU NO BOLSONARO!*  Bolsonaro √© ligado a fraudes bilion√°rias no INSS e bolsonaristas tentam culpar Lula. PF investiga ministro de Bolsonaro e doador da campanha. Enquanto isso, bolsonarismo finge indigna√ß√£o e arma CPI para desviar o foco.  Compartilhe.",lula,2
"A Folha tenta colocar a fraude no INSS na conta do governo Lula, respons√°vel por desmontar o esquema. A Folha utiliza o m√©todo nazista de comunica√ß√£o, onde ""uma mentira contada mil vezes torna-se verdade"" S√≥ que os bandidos da fam√≠lia Frias n√£o t√™m mais o monop√≥lio das informa√ß√µes! üëáüèΩ",lula,2
"Meus amigos minha m√£e veio com uma fake news assim o: o irm√£o do Lula, frei Chico era o diretor do INSS respons√°vel pelos casos de fraude b√°sica aposentadorias e o dinheiro roubado estava sendo enviado para o Papa. Dps ela reclama que ngm quer estar com ela.",lula,2
"Governo Lula acaba com roubo dos aposentados efetuado por meio de desconto ilegal na aposentadoria pelo INSS. O roubo aconteceu desde a gest√£o de @jairbolsonaro . Se hoje fosse o Governo Bolsonaro, o roubo continuaria escondido.",lula,2
GOVERNO LULA DESARTICULANDO O CRIME: PF e CGU investigam descontos irregulares em benef√≠cios do INSS e acabaram com um esquema que come√ßou l√° em 2019 e durou todo o mandato do desgoverno Bolsonaro.,lula,2
"Com democracia e com o PT, a corrup√ß√£o √© combatida. LULA SALVOU O INSS",lula,2
Lula veta trechos de lei que poderia esconder supersal√°rios de ju√≠zes - UOL UOL At√© que o governo LULA est√¢ sendo uma boa surpresa ! Ca√ßou os corruptos do INSS que foi triste heran√ßa de corrup√ß√£o do governo BOLSANARO !!!! Demitiu os corruptos e agora e a vez dos juizes ! ‚ù§Ô∏èüôè,lula,2
Resposta do Presidente Lulaüåü ap√≥s jornalista dizer que o seu governo demorou a investigar fraude do INSS. LULA CONTRA CORRUP√á√ÉO!,lula,2
"Governo Lula prepara plano de ressarcimento para aposentados v√≠timas de fraudes no INSS

Jorge Messias anuncia responsabiliza√ß√£o de entidades com base na Lei Anticorrup√ß√£o e promete justi√ßa a aposentados e pensionistas prejudicados",lula,2
"GRAVE! Bolsonaro deu o aval para 7 dos 9 conv√™nios fraudulentos no INSS. Ao contr√°rio do desgoverno passado - que deixou a bandalheira seguir livremente -, Lula agiu e acabou com o esquema. √â essa a diferen√ßa entre quem s√≥ fala e quem faz! 
üßµüëá",lula,2
"Resolvi dar uma olhada com mais calma nos dados do IDH j√° que a imprensa s√≥ foca na posi√ß√£o do Brasil no ranking mundial. √â impressionante como a Lava-jato, as ""Jornadas de 2013"", o desapego democr√°tico do A√©cio Neves, a sanha golpista do Temer e o ü§°ferraram o Brasil.

LULA SALVOU O INSS üëäüèº‚úÖüö©",lula,2
"Entenda de uma vez por todas quem est√° por tr√°s da fraude no INSS e compartilhe a VERDADE.

TIJOLADA!
Dep. Janones desmascara a QUADRILHA instalada no INSS pra FRAUDAR aposentadorias!
EU AUTORIZO, JANONES!
Lula contra a corrup√ß√£o. O BR com os aposentados.
Vergonha pra quem saqueia os mais fr√°geis.",lula,2
"Galera, n√£o caiam na pilha da imprensa fajuta e golpista LULA CONTRA CORRUP√á√ÉO BOLSONARO FRAUDOU O INSS",lula,2
"Lula desmonta fraude no INSS 
Bolsonaro sabia e n√£o investigou",lula,2
"Ele √© t√£o penoso que fala como se fosse o Lula que tivesse feito o rombo no dinheiro do INSS n√© , s√≥ faltou ele falar que foi o Lula que roubou tbm pq o jeito que ele fala √© como se fosse o Lula o culpado n√© , a gang que roubou foi a mesma que foram criadas no governo do Bozo!",lula,2
"Lula montou uma equipe de Ministros que cuidam com carinho de todas as formas de vida, especialmente daqueles em estado de maior fragilidade.
Em 2026 estarei com
‚≠êLULA OUTRA VEZ 
Porque
‚≠êGOVERNO LULA FAZ 
‚≠êLULA PAROU CORRUP√á√ÉO NO INSS
e teremos o
üí•FIM DA ESCALA 6X1",lula,2
Irm√£os metralhas assaltaram os idosos aposentados pelo INSS! Lula e Frei Chico!,lula,0
"N√£o duvidem.
O nordestino m√©dio j√° sabe que Lula salvou o INSS.
Desistam",lula,2
"uma coisa eu te digo, √± foi no governo do Bozo, que houveram os maiores esc√¢ndalos de corrup√ß√£o do Brasil, isso a√≠ √© um m√©rito exclusivo do Lula e do PT. 

Mensal√£o, petrol√£o, dinheiro na cueca, dinheiro no apartamento do Geddel, S√≠tio, Apartamento e agora INSS.

A ficha √© grande",lula,0
Lula desmascarou a fraude do INSS,lula,2
"QUEM √â MESMO QUE EST√Å ENVOLVIDO NA FRAUDE CONTRA OS APOSENTADOS?! √â tamb√©m por isso que o Lixo Humano, a famil√≠cia e seus asseclas (paisanos e milicos) estavam t√£o desesperados pela reelei√ß√£o: queriam continuar roubando! Lula acabou com a mamata deles! 3/3",lula,2
O esc√¢ndalo do INSS come√ßou no governo Bolsonaro e vai ACABAR no governo Lula!,lula,2
"V√£o empurrar esse bl√°-bl√°-bl√° at√© depois das elei√ß√µes. √â o substituto do COVID. Mesmo sabendo que o Inss tem as digitais, a gen√©tica e os 9 dedos do Lula.",lula,0
E os INSS salvou o irm√£o do Lula...,lula,0
"Ela √© aposentada? Ela tbm teve aposentadoria roubada? Ou s√≥ os pobres foram assaltados pelo INSS que o Lula indicou? 

E vc continua defendendo um governo no qual idosos foram assaltados.

Vergonha.",lula,2
"Lula quebrou o inss , essas fraudes acontecem desde 2003 . Quero ver voc√™s assinar a CPI",lula,0
